{"cameraMode":{"drawMode":0,"name":"Shaded","section":"Shading Mode"},"sceneLighting":false,"audioPlay":false,"sceneViewState":{"m_AlwaysRefresh":false,"showFog":true,"showSkybox":false,"showFlares":true,"showImageEffects":true,"showParticleSystems":true,"showVisualEffectGraphs":true,"m_FxEnabled":true},"in2DMode":false,"pivot":{"x":47.38999938964844,"y":2.200000047683716,"z":27.940000534057618},"rotation":{"x":-0.00013614223280455917,"y":-0.9997480511665344,"z":-0.004187531769275665,"w":0.020732536911964418},"size":0.4330126941204071,"orthographic":false}