{"cameraMode":{"drawMode":0,"name":"Shaded","section":"Shading Mode"},"sceneLighting":true,"audioPlay":false,"sceneViewState":{"m_AlwaysRefresh":false,"showFog":true,"showSkybox":true,"showFlares":true,"showImageEffects":true,"showParticleSystems":true,"showVisualEffectGraphs":true,"m_FxEnabled":true},"in2DMode":false,"pivot":{"x":-113.67533111572266,"y":19.982582092285158,"z":38.03306579589844},"rotation":{"x":-0.02765132300555706,"y":-0.9689654111862183,"z":0.20987677574157716,"w":-0.1274232715368271},"size":13.094459533691407,"orthographic":false}