{"cameraMode":{"drawMode":0,"name":"Shaded","section":"Shading Mode"},"sceneLighting":true,"audioPlay":false,"sceneViewState":{"m_AlwaysRefresh":false,"showFog":true,"showSkybox":true,"showFlares":true,"showImageEffects":true,"showParticleSystems":true,"showVisualEffectGraphs":true,"m_FxEnabled":true},"in2DMode":false,"pivot":{"x":369.2760314941406,"y":21.823814392089845,"z":339.65606689453127},"rotation":{"x":-0.08869228512048722,"y":0.003583226352930069,"z":-0.0003190055431332439,"w":-0.9960519075393677},"size":492.7790832519531,"orthographic":false}