{"cameraMode":{"drawMode":0,"name":"Shaded","section":"Shading Mode"},"sceneLighting":true,"audioPlay":false,"sceneViewState":{"m_AlwaysRefresh":false,"showFog":true,"showSkybox":true,"showFlares":true,"showImageEffects":true,"showParticleSystems":true,"showVisualEffectGraphs":true,"m_FxEnabled":true},"in2DMode":false,"pivot":{"x":123.31615447998047,"y":24.889999389648439,"z":49.959999084472659},"rotation":{"x":-0.0018691057339310647,"y":0.9924429059028626,"z":-0.11998368799686432,"w":-0.014895944856107235},"size":0.880009114742279,"orthographic":false}