{"cameraMode":{"drawMode":0,"name":"Shaded","section":"Shading Mode"},"sceneLighting":true,"audioPlay":false,"sceneViewState":{"m_AlwaysRefresh":false,"showFog":true,"showSkybox":true,"showFlares":true,"showImageEffects":true,"showParticleSystems":true,"showVisualEffectGraphs":true,"m_FxEnabled":true},"in2DMode":false,"pivot":{"x":-111.94561004638672,"y":23.578582763671876,"z":35.125484466552737},"rotation":{"x":-0.005407584365457296,"y":-0.9944537878036499,"z":0.08104027062654495,"w":-0.06599047034978867},"size":10.365612983703614,"orthographic":false}