{"cameraMode":{"drawMode":0,"name":"Shaded","section":"Shading Mode"},"sceneLighting":true,"audioPlay":false,"sceneViewState":{"m_AlwaysRefresh":false,"showFog":true,"showSkybox":true,"showFlares":true,"showImageEffects":true,"showParticleSystems":true,"showVisualEffectGraphs":true,"m_FxEnabled":true},"in2DMode":false,"pivot":{"x":-111.94561004638672,"y":23.578582763671876,"z":35.125484466552737},"rotation":{"x":-0.011721012182533741,"y":-0.9791510701179504,"z":0.19370988011360169,"w":-0.059072352945804599},"size":7.140415191650391,"orthographic":false}