{"cameraMode":{"drawMode":0,"name":"Shaded","section":"Shading Mode"},"sceneLighting":true,"audioPlay":false,"sceneViewState":{"m_AlwaysRefresh":false,"showFog":true,"showSkybox":true,"showFlares":true,"showImageEffects":true,"showParticleSystems":true,"showVisualEffectGraphs":true,"m_FxEnabled":true},"in2DMode":false,"pivot":{"x":37.017189025878909,"y":8.847489356994629,"z":14.272106170654297},"rotation":{"x":0.07059226930141449,"y":0.8298608064651489,"z":-0.10791105031967163,"w":0.542870819568634},"size":13.281585693359375,"orthographic":false}