{"cameraMode":{"drawMode":0,"name":"Shaded","section":"Shading Mode"},"sceneLighting":true,"audioPlay":false,"sceneViewState":{"m_AlwaysRefresh":false,"showFog":true,"showSkybox":true,"showFlares":true,"showImageEffects":true,"showParticleSystems":true,"showVisualEffectGraphs":true,"m_FxEnabled":true},"in2DMode":false,"pivot":{"x":-117.07298278808594,"y":30.653240203857423,"z":50.265464782714847},"rotation":{"x":0.0013235533842816949,"y":0.9972094297409058,"z":-0.07223337888717652,"w":0.018252220004796983},"size":6.236499786376953,"orthographic":false}