{"cameraMode":{"drawMode":0,"name":"Shaded","section":"Shading Mode"},"sceneLighting":false,"audioPlay":false,"sceneViewState":{"m_AlwaysRefresh":false,"showFog":true,"showSkybox":false,"showFlares":true,"showImageEffects":true,"showParticleSystems":true,"showVisualEffectGraphs":true,"m_FxEnabled":true},"in2DMode":false,"pivot":{"x":-0.6994203925132752,"y":0.9582445621490479,"z":-11.352569580078125},"rotation":{"x":-0.08869228512048722,"y":0.003583226352930069,"z":-0.0003190055431332439,"w":-0.9960519075393677},"size":1.418378472328186,"orthographic":false}