{"cameraMode":{"drawMode":0,"name":"Shaded","section":"Shading Mode"},"sceneLighting":false,"audioPlay":false,"sceneViewState":{"m_AlwaysRefresh":false,"showFog":true,"showSkybox":false,"showFlares":true,"showImageEffects":true,"showParticleSystems":true,"showVisualEffectGraphs":true,"m_FxEnabled":true},"in2DMode":false,"pivot":{"x":-2.2154128551483156,"y":0.3247237801551819,"z":-11.278804779052735},"rotation":{"x":-0.08869228512048722,"y":0.003583226352930069,"z":-0.0003190055431332439,"w":-0.9960519075393677},"size":0.2789779007434845,"orthographic":false}